,Unnamed: 0,corrected,RID,smiles,fragment_fp,fragment_fp2
0,0,,R0000000233,*CC(*)C1=NC(C)(C)C(=O)O1,01110010000101000001001000010100000101010000000000000001100001000000000000100000000000010011000001000000000100101000001001010000000000000000100001000100000000100000000010000110000001100010000000000000000010000000100011010100001001000010010001000000100001000000010101000011000010000100111001100000000010000000100001000010000010000000000011000000001000100000000000000000000000010111100001000100000110000011000001000000111000110000000110000010011000000110010000001100000000001000000000000110000000000000000001100010000000000001010010000000110000000110011100000000001000100000000100000100000100000001100000000100001000100000011000000010010100001010000100001000000000110010000000001011010000000000010000101001000011101000101000000000011001000000010100100000000001000000001000010000000000000000001100000000000000000010101001000000010000100000001000000100011000010001011000000110100110001100000000010001000000101101000001100000000000100110110001000000000000001000000000000101011000010110011100000011010000110000000100000000000000100000001100001001001101100111000000110001000100000111000000000100010110010000100001010000100010100100000000001100000010000100101101000000010000100100000000101001010000010100000000000110010000000100000011000001110001001100001000000000011000101110000000110000100000000101110000101010000110000000000000000011010000000011100001000100001010000000000000000010000010100001010100001001000001111100001010100000010100100110100000100100011000011010101100000001100100110000000101000001100110001000000010100000000000100010100100000001001000010100000000000000100010100100011000001000000010100100000000000000100000000000001010000000010000010001101000000100000001000010000110010000010000000001001000000011000000010010000011100010000000110010100010010000010010000000100010000001010000000000000100001000100001000000000001001000011000011000000000000000001010000000011001010000100000010000000000000100000100000001000000000001001000000000010000000000000110111001010000000000010000110000000110001000001100010000000100000100000000000011001100010001,"[2, 12, 1]"
1,1,,R0000000234,*CC(*)(C)C1=NC(C)(C)C(=O)O1,01110010000101100001001000010100000101010000000000000001100001000000000000100000000000011011000001000100000100101000011001010000000000000000100001000100000000100000000010000110000001100010100000000000100010000000100011010100001001000010010011000000100101000000010101001011000010001100111001100001000010000000100001001010000010000100000111001000001000100000000000100000000000010111100001000100000110000011100001000000111000110000000110000010011000000111010000001100000000001010000000100110000000000000000001100010000000000001010010000000110000010110011100000000011000110000000100000100000100000001100000000100001000101000011000000010010100001010000100001010000000110010000001001011010000000000010000101001000011101000111000000000111001000000010100101000000011000000001000010000000000000000101100000000100000000010101001000011010000100000101000000100011000010001011000001110100110001100000000010001000000101101000101100000000000100110110001000000000000001100000000000101011000010110011100000011010000110010000100000000000000100000001100001001101101100111000010110001000100011111000000000100010110010001100001010000100010100101000100001100000010000100101101000000010000100100000000101001010000010100001000000110010000000101000011000001110101001100001000000000011000101110000000110000100000000101110000101010000110000000001000000011010000000011100001000100001010000000000000000010000010100011010100001001000001111100001010100000010100100110101000100100011000011010101100000001100110110000000101000001100110011000000010100000000000100010100100000001001000010110000000000000100010100100011000001000000010100100000000000100100000000000001010000000010000010001101000001100000001000010000110010000010000000001001000000011000001010011000011100010000000110010100010010000010010000000100010000001010000000000000100001000100001000000000001001000011000011000000000000000001010000000011001010000100000010000000001000100000101000001000000000001001000000000010000000000100110111001010000100000010000110000000110001000101100010000000100010100000000000011001100010001,"[2, 13, 1]"
2,2,,R0000000250,*C1C(=O)OC(=O)C1*,00100000000001000000000000000000000000000000000000000001000001000100000000000000000000000000000000000000000000100000000001010000000000000000100001000100000010000000000000000000100001000000000100000000000000000000000000010000000000000000000000000100000001000000000000000000010010000000010000100000000000000000110000100001000000000000000011000000000000000000000001000000000000000000010000000000000000000001000000000000000000000000000110000000000000000100010000000000000000000000000000000000000000000000000000000010000100000000001000000000000000000010000000000000001000001000000000100100000000000001100000000000000000000000000000000000000000000000000000000000000000010000000000000001000000000000011000100000000101000000010001000000000000000000000000000000000000000000001000010000000010000000010000000000000000000000000000000000110000000000000000001010000000100000010000000000000100000000000000010001000000000001000000000000000000100110000000000000100000001000000000000100000000000010000000000000010000010000010000000000000000000001000000000001000011100000000110110000000000000001000000000000000000010000100000000000000010100000100000000000000000000000000001000010000000000100001000001001000000000000000100000101000000000000000010000000010000000001001110000000000000100000000000000000000000000000100000110010000010100000000000000000010000000001000000100000100000000010000000000000001000000000000000000000000000000000000000100000000000000000000010000000000000000000000000000000000000000000000001000001000100000000000000100000000001000000000100000000001000010000000000000000100000000100000000000000000000010000000000001000001000100000000101000000000000010001000000000010000000000010000000010100000000000000000000000000001000000000000010000000000000000000000000000000010000000001100010010000001100000000000000000000000001000000000000011000010000010000000000000001000000000000000001010000000000000000000010010000000100000001000000010001000000000000010000000000000010001000001000000000010000100000000000000000000000010001000000000010000000000010000000000000,"[2, 9, 1]"
3,3,,R0000000464,*c1ccc(C2(*)OC(=O)c3ccccc32)cc1,11010110101001000100110110000001010100011000111110111110000000100000101100001000110001001011010001000101110100000111000000001000000000100000000001110111011101001110101000101010000011100001010000110010100011100000000100000100010001000111001001010111100001011111001000011110000011010101010011110010000000000000101001010011010001100011111001010001100000000100001101100011110100000000000111000000100000000001000100111000010011010000111001001010110001000110000000000000100000010011010000100111011001001000011100111000011100000011000001010101110001000010100100000101011000100111100100000000100110010010010111101000101000000000001001000100000010000000010000001101010010000000001001100010010011000000100001100000100001000010101101000000110000010011101010011100000000101000011000111000000010011000001011010110100011100100000000100000000000100110001000101010000000110001010001001100101101011001101001000100000110001010011100101010100001100110000000011110001001010001000100001110111000100111011000100010111101000000000000001110100010010010100110111001111011101100010100001111110110100011010100100010100001011010100000000000101101000010001001000001101001001000010000110000110100011000000101111000100000100000100001100010000000000001110001100100011100101110100001111010100000000010000100100000011011011000011000000011000100000000000100000001000101100111001000000101001100101101111101100001011011010011000000001100000000011001011000001001011001001000000101001001110010001000110000010000100001010011001100000000111010100011001110101000000101010100000000010110010000010111010011000010000100010100011000000001001001000001111001010000000100101100000100110100000000110100000010101011100100100010110100100101110110000111010000001000000000010010011010101000000110100001100100010010110000011110000000000000101000010001000000110011010000101001000010000001010000010100100000110011010101011100001011000100101000011100100101011010110111010000000001110001010100010100010101010011000000001011001101111000011011111010000100001001001110010100011110000000000000101000000000010001,"[2, 18, 3]"
4,4,,R0000000501,*c1ccc(C2(c3ccc(*)cc3)OC(=O)c3ccccc32)cc1,11010110101001001100000110000100010100000000100110011110000000100000101000001000100000000011010001000101100100000001000000000000000010000010000001010110001001001100000000100010000011100000010000110010100011100000000100000100010001000111001001000111100001011011101100001110000011000101010010110010000000000000101001010001000001100111010001000001100000001100001101100011000100000000000111000000100000001001100100110001010011010000111001001010110000010100000001000000100000010010010000000111010000001000010110101000011100000001000001010001100001000000100100000101001000000101100000000000000010000010010111101000100000000000001001000000000110001000010010000101010010000000001101100000000001100000101000100000101001000011000100000100110000010011101010001100000001101000011101111010000010011011001111001110100001100000000000100000000100100110001000111010011000111001000011001100100010011001101001000110000100001010001100100000100001100110000000111110001000000001000100000111110000100111001000100010111000000000001000001110000010010010100100001001101011100101010000001000110010000011010100100010100011010010000000000000101110001010001001000001101001001000010000100000000100001000000101001000000000100000100000000010001000000001110101100100011101111010100001111010101000001010011100100000011010010010100000001010000100100000000000000011000101100111001001000000101000000001001000100001001011000001000000001101000000000001001000001001001001000000000111001001111010001000010100010000000000000011010000000000100000100111001110101000000101010000000000000110010000010111010011000010000100001100011100000000000001000001100001011010000100001110000001010000000000010100000010000011100100100010110100100001010010000111010000001000000000000000001000011000000000100000100101010010010000011110000000000000101000000000000000010110010000101000100110000000010010000100000000110011010101111100001011000111101000011100100101011000110111011010000001110000010100000000010101010001000010001001001101000000011010101110001000000000000110010100011010000000000000100000000000010000,"[2, 24, 4]"
5,5,,R0000000573,*c1ccc2c(c1)Oc1cc(*)ccc1C21OC(=O)c2ccccc21,11011110111111001100001110000100010100001100100111011111000001100010111100001000100110000011110011000101100100000001000000000000000110010010000011110110111001001100000001100010000011100100010000111111100011101010100111000110010001000111001101010111110001011011101101001110000011011101011011110010101000000000111101010001100001100111011101100101100010001100011101100111100110000010000111000100101100101001100110110001110011110110111001101110110101011110000011101110110000010010010000000111010010011000011110101000011100000001000001110001110001001100100101001111001100000101100100000000000010010011111111101100110100100000101101000001000110011000110010010101010010101000001101100100000011110010101110100000111011110011010100101101110000010011101010001100000011111000011101111011001011011011001111011110100011100000000000110000000101100111011000111011011000111001000011011100100010011111101001011111001100001010001100100001110011110110000000111110001000001111000110100111110000100111001010100010111010000000001001001111010010010010100101001011101111100101010100011010111011001011010100101110101011010111000010101000101110001010001011000001101001001000010000101010001100001000100101101001000000110000100000100010001100000011110101100100011101111110111001111010101100001010011101100010011010110010101101001010101100100001000000011011000111100111001001011001101000000001001000110001101011001001000000001101110100010011001010001001111101010100000111001001111111101010010110010010100001100111010000001000110011111111001111101010000111010000000101000110010010010111010011000010000110001100111101110000000001100001100101111010010101001110000001010011001000010100000010101111100110100010110100111101011010010111010000001001100001000000011001011000000100100011101101010010011000011110000010010110101000100000101100011110010100101000110110001100010010100100000001110111010101111100011111000111101011011100100101011000110111011010000001111000011100000000010111110011010010001001001101110010011010101110011000001001001111011100011010011000100000100000100000010000,"[2, 25, 5]"
6,6,,R0000000665,*c1c(Cl)cc(C2(*)OC(=O)c3ccccc32)cc1Cl,11010110101001000100110110000001010110011100111110111110100000100000101110001000110101001011010011000101110100000111110000001000000001100000000001110111011101001110101011101010010011100001110000110010110011100000000110000100011101000111001001010111100001011111001001011110000011110101010011111010100000100001101001010011010001100111111101110001100000001100001101100011110100100000000111001000100000101001000100111100010011010000111011011010110001000110000000100011100000010011010000100111011001001110111100111000011100101011000001010101110001001010100100000101111001101111110100001000100110010010110111101000101000000000101101000100000010000000010000011101010010000000011001100010110011010100100001100000100011000010101101000000111000010011101010011100000000101101011000111100100010011000001011010111100011100100000000100000010000100110101000101010000000110001011001001100101101011001101001000110000110001010011100101010100001100110000100011110001101110001000100001110111000100111011001100010111101100000100100001111100010011010100110111001111011101100010100001111110110101011010100100010100001011011100000001000101101001010001001000001101001001000010000110000111100011010000101111000100000100000100001100010000000000001110001100100011110101111100001111010100010001010001100100000011011011010011000000011000110000000000100100001000101100111001000010101001100101101111101100001111011010011001000001100000000011001011000011011011001001000000101001001110010001000110000010000101001110011001101001010111010101011001110101000000101010100001000011110010100010111010011000010101100010100011010000001001001100001111001010000000100101100000101110100000000110110000010101011110101100010110110110101110110001111010000001000000010010010011010101000000110100001100100010010110110011110000000000010101000110101000010110011110000111001000010010001010100010100100001110011010101011100001011010100101001111110101101011010110111010000000001110101110100010101010101010011000100001011101101111000011011111010000100001011001111010100011110000000000001101000000000010001,"[2, 20, 3]"
7,7,,R0000000666,*c1c(Br)cc(C2(*)OC(=O)c3ccccc32)cc1Br,11010110111001000110110110000001010101011001111110111110000000100000101100011000110001011011010001000111110100000111000000001000000000100000000001110111011101101110101000101010000011110001110000110010110011100000000100000100110101000111001001010111100001011111001000011110000011010101010011110010000000000010111001010011010001101011111001010001100000100100101101100011110100000000010111000000110010000101000100111000010011010100111011001010110001011111001000001000110000011011010000100111011001001000011100111001011101000011000001010111110001100010100100100101011000100111100100000000100110010010110111101000101000100010001001001100000010000001010000001101010010000000001001100010010111000000100001100000100001001010111101000000110000010011101010011100001000101000011000111000001110011001001011010110100011100100000000100000000000100110001000101010000000110001010011001100101101011001101001000100000110101010111100101010100001100110000001011110001001010001000100001110111000100111011000100110111101000001000101001110100010010010100111111011111011101100010100001111110110100011010100101010100001011010100000100001101101001010011001000001101011001000010000110001110100011000000111111001101000110000100101110010000001000001110001100100011101101111100001111010101000000010000100100000011011011000011000001011000110000001001100010001000101100111001000000101001100101101111111100011011011010011000000001100000100111001011001001001111011001001000101011001110010011000110001010000100101010011101100000000111010100011011110101000101111010100000010010110010000010111010011000010000110010100011110000001001001000001111001010000000101101100000100110101000000110100000010101011100100110010110100100101110110000111110001001101001000010010011010101000010110100001100100010010110010011110000000000000101000010001100000110011010011101001000010100001010000010100100000110011010101011110001111000101101010011100100111011010110111010001010001110001011110010100010101110011000000011011001101111000111011111010110101001001001110011100011110000000010000101010000100010001,"[2, 20, 3]"
8,8,,R0000000668,*c1c(I)cc(C2(*)OC(=O)c3ccccc32)cc1I,11010110101001000100110111010001010100011000111110111110000000100000101101001000110001001011010011000101111100000111100000001000000000100000000001110111011101001110101000101110000011101101010000110010101011101000000100000100010001000111001001010111100001011111001000011110000011010101010011110010000001100000101001010011010001101011111011010001100010000101001101100011110100001000000111011000100000000001000100111011010011011000111001001010110001110110000010000000100000110011010000100111011001001000011100111000011100000011001011010101111011000010101100000101011011100111100100010000101110010010010111101000101000100010001001000100000010001000010000011101010010000000001001100111010011000000100001100000100011100010101101010000110000010011111010011100001000101000011000111000000010011000001011011110111011100100000010100000000000100111001100101110000100110101010001001100101101011001101011110100000110001010011100101010100001101110000000011110001001010001000100001110111000100111111000100010111101000000001000001111100110110010100110111001111111101100110100001111110110100111010100101110100001011010100000010000101101000011001001000001101001001010010000110000110110011000001101111001100000100000100001110010001000000001110001110100011110101111100001111010101000011010001100100000011011011000011100001111000100000000000100000001000101100111001000000101101100101101111111100001011011010011000000001100000000011001011000001001011001001000000101001011110010001000110000010000100001010011001101000000111010100011011110101001100101010100100100010110010000011111010011000010000100010110011000010011001001000001111101010000000100101100000110111100000001110100000010101011110100100010110100100101110110000111010000011000000000010010011011101000000110100001100100010110110000111110000000000000111000010001000001110011010001101001000011001001110100010100100000110011010101011100001011000100101001011100110101011011110111010000100001110001010100010110010101011011000000101011001111111000011011111010001100001001001111010100011110000000000000111100000000010011,"[2, 20, 3]"
9,9,,R0000000669,*c1ccc(C2(*)OC(=O)c3c(Cl)c(Cl)c(Cl)c(Cl)c32)cc1,11010110101001000100110110000011110111011101111110111110100000100000101111001000110101001011010111100101110100000111110000101100001001100001000011110111111101011111101111101010010011111011110010111010100011110101011110010100010111011111001011110111110001011111001000111110100011110101010011111110111001100001101001110111010001110011111111010101100111010100001101100011111100111000100111001000100000101001000100111000110011011000111011001010110001010110000011101011100001010011010010100111011111011110111100111000011101111011001001010101110101001011100110000111011001100111100100001000100110010010111111101000101010000001101101010100110010010000010101011111110010010000011001101010010011000100100001110111100011000010101101000000110000010011101010111110100000101101011000111100110010011110001011011111100011100111001000100000010000101111111000101010011000110111011011001110101101011011101001000110110111001010011100101010100001100110001100011110001101110001010100011110111100100111011111110010111111101111100001001110100010011011110110111111111011101110010100011111111110101011010101100010100001011011100000001000101101010011101001100001111011001000011011111100111100011110010101111100100001100000100001100110001000110001110011100100011110101111101011111110100111000011011110100001111011011011011100000011000111000000000111100001000101101111101100010101101100101111111101101011111111010111000000101100110000111001011001001011011001001010000101101101110010001101110010110011101001110011001101101010111010111011101110101001000101010100101011011110011100111111010011000110111110010111011011010011001011100111111001010000000100101110001101110100111010110110101010101011100111100010110111100101111110000111110000101000001100010010011010101000100111100001110100110010111110011110010010000010101000110101010010110011110000111001000011010001010100010100100101110011010101011100001111111101101001111100101101011011110111010011010001111001111100110101110111011011010101001011101101111010011011111010000101001011001110111110011110000000000001101100001101110001,"[2, 22, 3]"
10,10,,R0000000670,*c1ccc(C2(*)OC(=O)c3ccccc32)cc1C,11010110101001000100111110000101010100011000111110111110000000100010101100001000110001001011010001000101110110000111000100001000010000100000001101110111011101001110101000101010001011100101010000110010110011100010000100000100010011000111011001010111100001011111001000011111000011010101010011110010000000000000101001010011010001100011111101010001110000000100011101100011110100000000000111000000100000000001000100111000010011010000111001001011110001000110000000000000100000010011010000100111011001001000011100111000011100000011000101010101111001000010100100000101011000100111100110001000100110010010010111101000101000000000011001000100001010000000010000001101010010000001001001100010010011000000100001100000100001000010101101010000110000010011101010011100000000101000011000111000000010011000001011010110100011100100000000100000010000100110001000101010000000110001010101001100101101011001101101001100000110001010011100101110100001100110001000011110001001010001000100001110111000100111111000100010111101000000000000001111100010010010100110111001111011101100010100001111110110100011010100100010100001011010100000100000101101100011001001000001101001001100010000110000110100111000000101111010100000100000100001100010000000000001110001100100011100101111101001111010101000000010000100100000011011011000011000000011000100000000000100000001000101100111001000000101001100101101111101100001011011010011000010001100100000011001011000001001111001001000000111001001110010001000110000010000100001010111001100000100111010100011001110101001000101010100000000010110010010010111010011000110000100010100011000000001001001000001111001010010000100101100000100110100000000110100000010101011100100110010110100100101110110000111010000001000010000010010011110101000000110100001100100010010110000011110001100000000101000010001000000110011010000101001000011000001010000010100100000110011010101011100001011000100101000011100100101011010110111010000000001110001010100010100010101010011000000001011001101111000011111111010000100001001001111010100011110000000000000101000000000110001,"[2, 19, 3]"
11,11,,R0000000789,*C1(C)CC(*)(C)C(=O)OC1=O,00100000000101000000000000000010000010000000000000000001000101110011000000000000010000000000000001000100000100000000010001010000100000000000100000001100000010000000000000000100000001000000000100000010000000000000000000000000010100000010010000100000000001000000010000000000010000001100111000000000000000010000111000100100010000000000000011000100000001000001000001100100000000000000011000000100000000001000010000000001010010010010001110000001000100000000010000011000000000000000000000000000000010000000000000000000000100000010000000000100000000000000000000000000011100001100000000100000000000100001000000000000101001000000011100000000010100000000000000000010100100000000010000001001010000000010011000101011000001000000010000001000010010000000000100000001000000000000001100010000000010000000010000010000000000000000101000100001100000000000101000000000001001110101000100000000000101000100001010010001000000100001000101000000000000100110010000001000000000001100001000000100010000000010100000000000011000010000010001000000000000000000000000001001100001100001110010110000000000000001000000000000000000011000101000000000000010100000001100000000000000000110000001000011000000000100001000001001000000000001010000000100010000000000000011000000011100000000001110001000001010000101001000000001010010000000100000100100000010000100000000000000010100000001010000100000001000110010000000000010000000001100000100000100000011001000100100100000000000010011000000000000000000000001001100000000000000000000001000000000000110010000000000000000000001000000000100000000000000011000000000000001100000010000000100000000000000000001001101001000000000000000000101100000000000010001000010001000100000000010000101010100010000000000000000000000001000000000000010110001100000000000000000010000010000001000100010110000000000001000000000101000000001000100000011010000010000001000000001001000000000000000000001010000000000000000100100001110000101001101000000100001011000000000010000000010000110001100000010110000000001100000000000001000000000010000000000000110000000000010000000001000,"[2, 12, 1]"
12,12,,R0000000791,*C1CC(*)C(=O)OC1=O,00100000000001000000000000000010000010000000000000000001000101000010000000000000000000000000000001000000000100000000000001010000000000000000100000001100000000000000000000000000000001000000000100000010000000000000000000000000000100000000010000000000000001000000000000000000010000001100011000000000000000010000110000100100000000000000000011000100000000000000000001000000000000000000010000000100000000000000010000000001000000000010001110000001000100000000010000010000000000000000000000000000000010000000000000000000000100000000000000000100000000000000000000000000001000001000000000100000000000100001000000000000000001000000010000000000000100000000000000000000100000000000010000001001000000000010011000100010000001000000000000001000000000000000000000000000000000000000001000010000000010000000010000010000000000000000000000100000100000000000001000000000000001100000000000000000000101000000000010010001000000000001000001000000000000000110010000000000000000001000001000000100000000000010100000000000011000000000010001000000000000000000000000001001000001100000000010100000000000000001000000000000000000010000101000000000000010100000000100000000000000000110000001000010000000000100001000001001000000000000010000000100000000000000000010000000011000000000001110001000000010000000001000000001010000000000000000100100000010000100000000000000010000000001010000100000001000100010000000000010000000000100000000000000000010000000000100100000000000000011000000000000000000000000001100000000000000000000000000000000000100010000000000000000000001000000000100000000000000010000000000000001100000000000000100000000000000000000001101001000000000000000000101000000000000010001000010001000100000000010000001010100010000000000000000000000001000000000000010110001100000000000000000000000010000001000100010010000000000000000000000001000000001000100000011000000010000000000000001001000000000000000000001000000000000000000100000000000000100000001000000000001000000000000010000000000000010001000000010000000000000100000000000001000000000010000000000000010000000000010000000000000,"[2, 10, 1]"
13,13,,R0000001166,*C1(C)CCOC(=O)C1,00100000000001000000000000000000000000000000000000000000000101000000000000000000000000000000000001010000000000000000000001000000100000000000000001001000000010000000000000000100000000000000000100000010000000000000100000010000000000100000000000000000000001000000000000000000000010000000011000000000000000010000100010000100001000000000000010000000000000000000000000000000000000000010011000000100000000000001000000000000000000010000000100000000000100000000000000000000000000000000000000000000000000000010100000000000000000100010000000000000000000000011000000000000001000001000000000000000000000100001000000000000100000000000010000000000000100000000000000000010000000010000000000001001000000000000000000100001000001000000000001000010000000000000000000000001000000000000001000010000000000000000000000010000000000000000000000000000010000000000000000000010001000000001000000010000000101000010011000000000000000100101000001000000000000000111000000000000000000001000000000000000000000000010000000000001010000000000000000000000000000000000000000000000100000100000010000100000000000001001000000000000000000001000000000000000000000100000100000000000000000100010000001000000000000000100000000000001000000000000000000000000000001000000000010000000011000000000001010001000001001000000000000000000110000000000010000100010000010000100000000000100000000000001000000000000000000000010000000000110001000000000000000000000000001001010000000100000000000000001000000000000000000000000000100000100000100000000000001000000000100000000000000000000000000000000000000000000000000010000000000000000100000000000001100000000000000000000000000000000000000000000000000100000010000010000000000001000100000000010000000010000010000000000000000000000000000000000000010100001100000000000000000010000000000000001100010000000000000000000000000001000100001000100000010011000010000000000000001001000000000000000000001000000000000000000000000000000000100000000000000000001000000000000010000000000000010001001001010000000000000100000000000001000000001010000000100000000000000000010000000000000,"[1, 9, 1]"
14,14,,R0000001192,*C1COC(=O)O1,00000100000001000000001010000000000100000000000000000001000000000000000000000000000000000000000000000000000000000000000001000000000000000000000000000000010000000000000000000000000001000000000000000000000000000000000000000000000000000000000000000000000000000000000010000000000000000000000000000000000000000000100000000000000000000000000001000000000000000000000000000000000000000000000000000000000000000000000100000000010000000000000100000000000010000000000000000001000000000000000010000000000000000000000000000000000000000010000000010000000000000000000000000010001000000000000000000000000000000000000000000000000000000000000000001000000000000000000000000000000000000000000001000000000000000000000000100000010000000000000000000000000000000000000000000000000000000000001000000000000000000000000000000000100000000000100000000000100000000010000000000000000000000000000000000100010000000000000000000000100100000100000000000000000000000100000000100000000000000000100000100000000000010010000000000000000000000000000000000000000000000000000000000000000000000000000000000000000000000001000000000000000000010000100010000000000000000000000000000000000000000000000000000000000000000000000000000001100000000000000000000000000100000000000010000000000010000000001000000000001000000000010000000000000000000000000000000100000010000000000000000000000000000001000000000000000000000000000000000000000000000000000000000000000000000000000000000000001000100000000100000000000000010000001000000000000000000000001000000000000000000010000000000000000000000000000100100000000000010001000000000010000000000000000000000100000000000000000000000000000000000000000000000000000000010000000000000000000000000010010000000000000100000000000000100000000000000000000110000000000100000000010000000000010000001000100000100000000000000000000000000000000000000000000000000000000000000000000000000000000000000000000000000000000000000001000000000000000100000000000000000001000000000010010000000000000000001010000000000000000000000000000000000000000000010000000000000000000000000010000100000000,"[1, 7, 1]"
15,15,,R0000001438,*c1cccc(N=C2OC(=O)c3ccc(*)cc32)c1,10001110101000001010000110000010010000001110101110001000011100101110001001101000000010001011010001000101101001010111100010100011001000100101001001010010000001110110000000010000000101001100000011110010000001110100011111001100010101000111101001000001001010001010101100100111001011010100011000101010100000000000001101001001100010100011111101010001100001000101000011100011000100110101110011000000110011010011000110110001011001010000111000111101110001110010010001110001101100110110110000010011001000101011010011101100010010000011010011110010111001100010001000001001001001001101011010100001011010111000011010000000110010110000101001000000100100010000011110111011000111100010011101101001110000100001001010101000100001000000101100000010100010100011000110101000000101011010011100010000100001100010000011110110101001100010000000100000001000101101110010101001100001110001000111001000100000111001100001000100101101100001100110100000000000100110111100000110001001010001000100000100100101100111001000100001010001001100000110001100000000010111101000010000001010110100010000001000110000000001001000101110000111000110101010110001111100010010001010001001111001100000010100110000100110001010010011101000001000110000100000000100011000000001100100000100000101110110110001110010000001001000011100101001110100010010001000000010000100101000000000101000100111000111111010000000101100000001101110100000000010100001001101010001010000100001000001001001000001000000000111101001110010011001010000010101000100000001010000000000100001100000000000101100000100010010101000000111110000000110010000101001010100000100110000001111100001000011100001010010010110000100100100010100010001000100001000110010100000000011110100100100010011100011011000001000000011000010000011100001010011100100011001010010110000001000001000010001100010000100000010110011111000101000100100000011010010000100100100111111110001010101010010010001001000111101001001011000110101000000010010110000100010000010110101100001000000001011001100010000000001101110000000001000010100011100000000000110000000000100010000000000,"[2, 19, 3]"
16,16,,R0000001439,*c1ccc(N=C2OC(=O)c3ccc(*)cc32)cc1,10001110101000001010000110000010010000001110101110001000011100101110001001101000000010001011010001000101101001000111100010100011001000100101001001010010000001110110000000010000000101001100000011110010000001110100011111001100010101000111101001000001001010001010101100100111001011000100011000101010100000000000001001001001100000100011110101010001100001000101000011100011000100110101110011000000010001010011000110110001011001010000111000111101110001110010010001110001101100010000110000010011001000101011010010101100010010000011010011110010111001100010001000001001001001001101011000100001011010110000011010000000100010110000101001000000100101010000011110011011001011100000011101101001110000100001001010101000100001000000101100000010100010000011000010101000000101011010011100010000100001100010000011110110101001100000000000100000001000101101110010101001100001110001000111001000100010111001100001000110101101000001100110100000000000100110111100000110001101010000000100000100100101100111001000100001010001001100000110001100000000010111101000000000001010110100010000001000110000000001001000101100000011000110101010110001111100010010001010001001111001100000010000110000000110001010010011101000001000110000100000000110011000000001100100000100000101110110110001110010000001001000111100101001100100010010001000000010000100101000000000101000100011000111111010000000101100000001101110100000000010100001001001010001010000100001000001001001000001000000000111101001110010011001000000011101000100000001010000000000100101100000000000101100000100010010101000000111110000000100010000100001010100000100110000001111100001000011100001010010010110000100100100010100010001000100001000100010100000000011110100100100010011000011011000001000000011000010000011100001010001100100011001010010110000001000001000010001100010000100000010110011111000101000100100000011010010000100100100111111110001010101010010010101001000111101001001011000110101000000010010110000100010000010010101110001000000001011001100010000000001101110000000001000010100011100000100000110000000000100010000000000,"[2, 19, 3]"
17,17,,R0000001528,*c1cc(C)c(C2(*)OC(=O)c3ccccc32)cc1C,11010110101001000100111111000101010100011100111110111110000100100010101100001000110001001011010001000101110110000111000100001000010000100000001101110111011101011110101000101110001011100101010000110010110011100010000100001100010011010111111011010111101001011111101000011111000011010101010011110010000000000100111001010011010001100011111101010001110001001100011101100011110100000000101111000000100000000001000100111000010011010000111001001011110001000110000000000000100000010011010000100111011001011000011100111000011100000011010101010101111111000010100100000101011000100111100110001000100110010010011111101000101000000010111001000100001010000000010001001101010010000001001001101010010011000000100001100000100001000010101101110000110000010011111010011100000000101000011000111001000010011000001011010110100011100100000000101000010000100110001000101010000000111001010101001100101101011101101101001100000110001010011100101111100001101110001000011110001001010001000100001110111010100111111000110010111101000000000000001111100010010010100110111001111011101100010100001111110110100011010100100010100001011010100000100000101101100011001001000001101001001100010000110000110100111000000101111010100000100000100001100010000000000111110001100100011100101111101001111010101000000110000100100000011011011000011000000011000100100001000100000001000101100111001010000111011100101101111101100001011011010011000010001100100000111001011000001001111001001000000111001001110010001000110000010000110001010111001100000101111010100011001110101001010101010100000000010110010010010111010011000110000100110100111000000001001001000001111001010010010110101100000100110100000000110100000110101011100100111010110100100101110110000111010000001000010000010110011110101000000110100001100100010010110000011110001101000000111001010001000000110011010000101001000011000001110100010100100100110011010101011100001011000100101000011100100101011010110111011000000001110001110100010100010101010011000000001011001101111000011111111010000100001001001111010100011110000000000000101000000000110001,"[2, 20, 3]"
18,18,,R0000001529,*c1cc(C)c(C2(*)OC(=O)c3ccccc32)cc1*,11010110101001000100110110001001010100011100111110111110001100100000101100001000110001001011010001000101111100000111000000001000010001100000001001110111011111011110101000101110000011100101010000110010100011100001100100001100010001010111101011010111101001011111101000011111000011010111010011110010000000000100101001010011010001100111111001010001110001001100001101100011110100000000001111000000100000000001000100111001010011010000111001001011110001000110000000100000100100011011010000100111111001011000011100111000011100000011010001010101111101000011100100000101011000100111100100100000100111110010010111101001101000000010111011000100000010000000010000001101010010000000001001111010010111000000100001100000101001000010101101100010110001010011101010011100000000101000011000111000000010011000001011010110100011100100100000101010001000100110001000101010100000111001010001001100101101011101101011000100000110001110011100101010100001101110001000011110001001010001000100011110111000100111011000111010111101000000000000001110100010010010101110111001111011111100010100001111110110100011010100100010100001011010100000000000101101100011001011010001101011001000010000110000110100011001000101111100100000100000100001100010100000000111111001100100011100101110100011111011100000000010000100100000011011011000011000000011000100000001000100001001000101100111001010000111011100101101111111101001011011010011000000001100000000111101011000001001011001001000000101111001110110001000110000010100110001010011001100000001111010110011001110101000010101010100000000010110010000010111010011000010000100110100111000000001001001000001111011010000010110101100000100110100000000110100000111101011101100101010110100100101110110000111010100001010000000010110111110101000010110100001100100010010110000011110000101000001111101010001000000110011010000101001000010000001110100010100100100110011011101011100001111000100101000011101100101011010110111011000100001110001110100010100010101110011100010001011001101111000011011111010000100001001001110011100011110000000000000111000000010010001,"[3, 20, 3]"
19,19,,R0000001530,*C1OCCCC1C1C(=O)OC(=O)C1*,01100100001101010000000001000010000110000010000000100001000101100101010100011000000000000010000001010100000001010000110001010000000000000000101001001110011110000000000011000110011101001000000100000010000000000000100100010000010001100010010000000100000001000000110000100000010010001100111001000000000000010000111110101101110000000000000011010000000001000001001011000110001000010000011000100100000001000001110000010000000010010110011110000001000110000100010001111100000000000010100000110000010000110000000000100010000100100010000001000100010000100011000000000000101100101100000000101100100000100001110000000000001001000000111000100010010100010000010000001000000000000000110000101001000000010010011000101110010001000000011001000001011010100000000100100000000001000000011101010100000010000000111000010000000100000000100010000100110000000000101000010010000001110001100000001100001100000010011010010001000000110101000001000000000011100111000001101000100000001000000011110100010100001010100000000000010011011010110000000010010010100001000000000001000001100000010110110000000000001001000101000000000000011110101000001001000010111000101101000000100000000010000001010011100000000110001001101001000101000001010111000111010000000000000010000000011000101001001110001000001000101000000010000100110010100000110000110110100010100101000001000100010100001101110000100010000000000010000100001110001000001000000100001000010011001010100011100001001000111011000010000000001100000100000100100000100000010000010001100000100110011100000000100000000001100010000100100000010010011000000101010001100000010000000100000000000010000001001001011101000100100000000110100100011000010000000010001010000000000010010100011000011001000000000000000000001001100000100011110001010000000000000001010100010000001001100010110100000100101000001000001000100001100100000010011001010001101010001011001000100000000010011011111000010000111000001010011000111100001111000010100001000000100001011100000011000110101110001010010100010001100000000100001110000000010001000111001011000000000010100000000000,"[2, 15, 2]"
20,20,,R0000001784,*c1ccc2c(c1)C(=Nc1cccc(S(=O)(=O)c3cccc(N=C4OC(=O)c5ccc(*)cc54)c3)c1)OC2=O,10001110101000001010010110010010010000001110101110011000011110101110101001101001000010101011010001000101101011000111100110100011001000100101001001011010100101110110011000110010000101101100001011111010000001111100011111001100010101000111111011101001001011001010101100100111101111000100011011101010100100001010011101001001100000100011110101110101100001100101000011110011100100110101110011000000010001010011000110111011011001110100111000111101110001110010010001110001101100010000110000010011001000101011010010101100011010001011110011110110111001100010001000001101001101001101011000100001011010110001111010000000100010110000101001000000100100010000111111011011000011100000011101101011110000100001001110101000100001000000111100001110100010000011000010101001000101011010011100010000100001100010000011110111101111100001000000100110111010101101110010101001100001110101000111001000100000111001110101001100101101000001100110100000000010000110111100000110001101010010001110011100100101100111001000100001010101000110000111001100001000010111101010000000001010111100010000011000111011100001011000101101000011000111101011110001111100010110011010011001111001100000010000110000000111001010010011101000001000110000101000000100011000000001100101001101000101110110110001110010001011001000011100101001100100010010001100001011100110101000000000101101100011000111111010100000101100000001101110100010000010100001001001010101010001100011100001101001001001000001000111101001111010111001000000110101001100000001010000100000100001100000000000101100101110011010101000000111110000000100010011100001010100000100111000011111100001000011101011110010011110000101110100010100010001000100001000100011100000000011110100110100010011000011011000001000000011011010000011100001010001111100011001010010110000001000001000010001100110000100000010110011111001101101100100010011010010001100100110111111110001010101010010010001001000111101001001011001111101001000010010110010101010000110010101111001000010011111001101011000000101101110000000001000010101111101000000000110001000001100110000000000,"[2, 39, 6]"
21,21,,R0000001785,*c1ccc2c(c1)C(=Nc1cccc(N=C3OC(=O)c4ccc(*)cc43)c1)OC2=O,10001110101000001010000110000010010000001110101110001001011100101110011001101000000010001011010001000101101001000111100010100011001000100101001001010010000001110110100000010000100101001100000011110010100001110100011111001100010101000111101001000001001010001010101100100111001011000100011000101010100000000000101101001001100000100011110101010001100001000101000011100011000100110101110011000000010001010011000110110001011001010000111000111101110001110010010001100001101100010000110000010011001000101011010010101100010010000011010011110011111001100010001100001001001001001101011000100001011010110000011010000000100011110000101001000000100100010000011110011111000011100000011101101011110000100001001010101000100001000000101100000010100011000011000010101000000111011010111100010000100001100010000011110110101001100000000000100000001000101101110010101011100001110001000111001000100000111001100001000100101101000001110110100000000000000110111100000110001001010000000100000110100101101111001000100001010001000100000110001100000000010111101000000000001010110100010000001000110010000001001000101100000011000110101010110001111100010010000011001001111001100000010000110000000110001010010011101000001000110100100100000100011000000001100100000100000101110110110001110010000001001000011100101001100100010010001000000010000100101000000000101100100011000111111010000000101100000001101110100000000010100001001001010101011000100001000001001001000001000000000111101001110010011001000000010101000100000001010000000001100001100000000000101100000100010010101000000111110000000100011000100001011100100100110000001111100001000011100001110010010110000100100100010100010001000100001000100010100000000011110100100100010011000011011000001010000011000010000011100001010001100100011001010010110000001000001000010001100010000100000010110011111000101000100101000011010010000100100100111111110001010101010010010001001000111101001001011000110101000000010010110001100010000010010101110001000000001011001100010000000001101111000000001000010100011100000000000110000000000100010000000000,"[2, 30, 5]"
22,22,,R0000001786,*c1ccc2c(c1)C(=O)OC2=Nc1cccc(N=C2OC(=O)c3ccc(*)cc32)c1,10001110101000001010000110100010010000001110101110001001011100101110011101101000000010001011010001000101101001000111100010100011001000100111001001010010000001110110100000010000100101001100000011110010100001110100011111001100010101000111101001000001001010001010101100100111001011000100011000101010100000000000101101001001100000100011110101110001100001000101000011100011000100110101110011000000010001010011000110110001011001010000111000111101110001110010010001100001101100010000110000010011001000101011010010101100010010000011010011110011111001100010001100001001001001001101011000100001011010110000011010000000100011110000101001000000100100010000011110011111000011100000011101101011110000100001001010101000100001000000101100000110100011000011000110101000000111011010111100010000100001100010000011110110101001100000000000100000001000101101110010101011100001110001000111001000100000111001100001000100101101000001110110100000000000000110111100000110001001010000000100000110100101101111001000100001010001000100000110001100000000010111101000000000001010110100010000001000110010000001001000101100000011000110101010110001111101010010000011001001111001100000110000110000000110001010010011101000001000110100100100000100011000000001100100000100000101110110110001110010000001001000011100101001100100010010001000000010000100101000000000101100100011000111111010000000101100000001101110100000000010100001001001010101011010100001000001001001000001000000000111101001110010011001000000010101000100000001010000000001100001100000000000101100000100010010101000000111110000001100011000100001011100100100110000001111100001000011100001110010010110100100100101110100010001000100001000100010100000000011110100100100011011000011011000001010000011000010000011100001010001100100011001010010110000001000001000010001100010000101000010110011111000101100100101000011010010000100100100111111110001010101010011110001101000111101001001011000110101000000010010110001100010000010010101110001000000001011001100110000100001101111000000001000010100011100000000000110000001100100010000000000,"[2, 30, 5]"
23,23,,R0000002035,*C1(C)C(=O)OC(=O)C1(*)C,01100000000001000000000000000000000010000000000000000001001001000110000000001000000000000000000001010100000000101000011011010000001000000000100001000100011010000000000010000100100001011000000100000000000000000000000000010000000000000010000000100100000001000000000000000000010010001100011000100000000000001000111010100101011000000000000011010000000000000001000001000000001000000010010000000100000000001001010000000000000000010000010110000000000100000100010000011000000000000010000000100000000010100000100000000010000100000001001000010100000000000010001000000001011000001100000000100100000000000001100000000000100000000000010100000000010000000000000000000010000000010000000000101001000000000000011000100101010101000000010001000010000010000000000000100000000000000000001000010000000010000000110000000000000000000000100010000000110000000000101000001010001000110101010000000000000100000010000010010001000000100001000001000000000000100110000000000000100000001100000100000100010000001010000000000001010010010000110000000010000000100001000000000001100111100000000110110000000000001001000000000000000000010000101000000000000010111000101000000000000000000110010001010010100000000100001000001001000000000001000100000101010001010000000010000000010100000001001110000000010000101001000010000001100010010000100000110011000010100000000000000000110000011001100000100000100000000010000000000110001000000100000100000000000001001010100000100000000000000110000010001000000000000001001000000100010100000000001001000001100100010000000010100000000001000000000100000000001000010000000001000001100000000100011100000000000000011001001000011101001000100000100101000000011000010001000000000010000000000010000100010100010000000000000000000000001000100000000010100000000001000000000000010000010000000001100010110000001100101000000000001000000001000000000000011000010000110000000001000001000000000000000001010000000000000000000110010100000100000001000000110001001000000000010000000001000110001000001000010000010001100000000000001000000000010001000101011010000000000110000000000000,"[2, 11, 1]"
24,24,,R0000002036,*C1CC(*)(C)C(=O)OC1=O,00100000000101000000000000000010000010000000000000000001000101100011000000000000010000000000000001000100000100000000010001010000100000000000100000001100000010000000000000000100000001000000000100000010000000000000000000000000010100000010010000100000000001000000010000000000010000001100111000000000000000010000111000100100010000000000000011000100000001000001000001100100000000000000011000000100000000001000010000000001010010010010001110000001000100000000010000011000000000000000000000000000000010000000000000000000000100000010000000000100000000000000000000000000011100001100000000100000000000100001000000000000101001000000011100000000000100000000000000000010100100000000010000001001010000000010011000101011000001000000010000001000010010000000000100000001000000000000001100010000000010000000010000010000000000000000101000100001100000000000101000000000001001110101000100000000000101000100001010010001000000100001000101000000000000000110010000001000000000001100001000000100010000000010100000000000011000010000010001000000000000000000000000001001100001100001010010100000000000000001000000000000000000011000101000000000000010100000001100000000000000000110000001000011000000000100001000001001000000000001010000000100010000000000000010000000011100000000001110001000001010000101001000000001010010000000100000100100000010000100000000000000010100000001010000100000001000100010000000000010000000001100000100000000000011001000100100100000000000010011000000000000000000000001001100000000000000000000001000000000000110010000000000000000000001000000000100000000000000011000000000000001100000010000000100000000000000000001001101001000000000000000000101100000000000010001000010001000100000000010000101010100010000000000000000000000001000000000000010110001100000000000000000010000010000001000100010110000000000001000000000001000000001000100000011010000010000001000000001001000000000000000000001010000000000000000100100001110000101001101000000100001011000000000010000000010000110001100000010110000000001100000000000001000000000010000000000000110000000000010000000000000,"[2, 11, 1]"
25,25,,R0000002037,*C1(*)CC(=O)OC1=O,00100000000001000000010000000000000000000000000000000001000011000000000000001000000010000000000000000000000000000000000001010000000000000000100001100100000000000000000000000000000001000000000100000000000000000000000000110000000000000000000000000100000011000000001000000000010010000000010000000000010000000000110000100001000000000001000011000000000000000000000001000000000000000000010000000000000000000001000000000000000000000000000110000000000100000100010000000000010000000000000000000000000000000000000000000010000100000000000000000000000000000010000100000100001000001000000000100100000000001001100000000000000000000000000000000000000010000000000000000000000000000000000000000111000000000000011000100000000001000000000001000000000000000000000000000000000000000000001000010000010010000000010000000000000000000000011000000000110000000000000010000010000000110000000000000000000100000000000000010001000000000001000000000001010000100110000001000010100000001000000000000100000000000010000000000000010000000000010001000000000000000000000000000001001001100000000110110000000000000001000000000000000000010000100000000100000010100000100000001101000000000000010001000010000000000100001000001001000000000000000000001101000000000000000010000000010000001000001110000000001000000000000001000010000000000000100000110010000010100000001001000000010000000001000000100000000000000010000000000010001000100000000000000000000000000000000001100000000000000000000000000000000000000100000000000000000000000000000001000010000100000000000000000000000001100000100110000000100010010000000000000000100000000000000000000000000000000000000000001000000000100000000100000000000000010000000000010010000001000010000000010000000000000100000000000000000000000000000010000000000000000000100000000000010000000001100010010000000100000000000000000000001011000000000000011000010000000000000000000000000000000000000001010000000000000000000010010000000100001001000000000001000000000000010000000000000010011010001000000000010000100000000000000000000100010001000000000010000000000010000110000000,"[2, 9, 1]"
26,26,,R0000002038,*C=Cc1ccc(*)c2c1C(=O)OC2=O,10000110101101000100001110110001110000000110101110111010001100110000001000001000010000001011010001000101101000101011000000100000110100101110001101010010000110010110000000000110011001100100000010110010000001100110011100001100010001000111110001110001001100001010101000010101000111000111010001110010100000000000101001000001000100101111010111001001100001001100010001100011010100100000000011000001000100001011000100010000010001010000111001001011110011000000001000110000100101010000010010001111000010100000110000101000010100000001010100010010000001010000000001100101001000000011001011001000000110110000011001010000100000000110001001100100100000110010010000000001001100010001001101101010100001000100001000100111101001000000000101100110100010000011100110001000111110011100011000110101011000001000000011000100000000100010000101000000011110100100001000101000110000111001000101001010100000011001000101101000000100000000010110100100000010001110001000000111011000010110000100010100100100110111111000110000010000001000001001001101001100010010100000000000001110110100010100101000110000000001000000100000000001000010000101001000000101100111000010000001100001000000110000110010100100001000100000101000000000100010000000110000011010000111100000001100100100100011100001010000001001000000101110101000000100010001001000000010000100111001000010011000001001010011001110000000101110111101000010110001001001000001010011000000101011100001000010001101110001000001001001101001110000011101010010000101000010000101010000000100100000001011001000001001010100001000000101000110011010000100110000101100101100100101110000000010000011000001101001011000010110100100010000010000000000100100100100100010100000011111110110100101010010000011110000001000000111000000000010010000010001100010000000010011000000001000001101110000111000000011000010011010010000101100001101000010010000000100110100110111010001010101010010101000101010011111010000011100110101001000000001110000110100000000011001101000000001001101000100010001100010111010000000110000010001111100000000100000000001101000110000100001,"[2, 15, 2]"
27,27,,R0000002040,*C1CC2CC1C(*)C2C1C(=O)OC(=O)C1*,01100100000101010000000000000010000110000000000000000001000101100111010100011000000000001010000001010000000001010000010001010000000001000000101001001100001110000000000010000110001101001000000100000010000000000000100000010001010101100010010000000100001001001000110010100000010010001000111001000000000000010000110110101101110000000000000011010100000001000001001011000110001000000010010000100100000010000001010000000001010010010110011111000001000100000100010001111100000000000000000000110000000000100000000000100010000100100010000001000100000000100011000000000000001100001100010000101100000000010001110000000000001001000000011000100010010000010000110100000000000000000000110000101101000000010010011000101110110001000001111001000000011010100000000000100000010001000000011100010100000010000011110000010100000100100000100011100001110000000000101000010010000011110001100100000000000100000010011010010101000000100001000001000000000001100111000000101000100000001010001010000101010100001010100000000000010011011000010001000010010011100100000000000001000001100000110111110000000000000001000001000001000000011110001000000000000010111100101100000000100000100010001001010011001000000110001000101001000111000001010111000111010000000000000011000000010000000000001110001000001011101000000010000000100010100000110000110110100010100100000001000101010100101011110000100000000000010010000100011110001000001000000100000100000011001010100000100000001000011010000010000000000000000100000100001010100000010000000001100001100110011000000000000000010001100010000100000000000010011000011001010001100000010100000100000000110000000001011001011111000100100000000110000100011000011000000010001010000000000010010100010000010001000000000000000000001001100000100010110001000000001000000000010000010000001001100010110001000100101000001000101000100001000100000010011000010000101110001011000000100000000000011011110000010000010000001010011100011100001101000010100001000000101001011110000011000110001100001110010100010001100100000000001110000000010001000101001011000000000010000000000000,"[3, 17, 3]"
28,28,,R0000002574,*c1ccc(C2(c3ccc(*)c(C)c3)OC(=O)c3ccccc32)cc1C,11010110101001001100001110000100010100000000100110011110000000100000101000001000100000000011010001000101100100000001000000000000010010000010001101010110001001001100000000100010001011100100010000110010110011100010000100000100010001000111011001000111100001011011101100001111000011000101010010110010000000000000101001010001000001100111010101000001100000001100001101100011000100000000000111000000100000001001100100110001010011010000111001001011110000010100000001000000100000010010010000000111010000001000010110101000011100000011000101010001100001000000100100000101001000000101100010001000000010000010010111101000100000000000011001000000001110001000010010000101010010000001001101100010000001100000101000100000101001000011000100000100110000010011101010001100000001101000011101111010000010011011001111001110100001100000000000100000010100100110001000111010011000111001000111001100100010011001101101001110000100001010001100100100100001100110001000111110001000000001000100000111110000100111111000100010111000000000001000001111000010010010100100001001101011100101010100001000110010000011010100100010100011010010000000100000101110101011001001000001101001001000010000100000000100101000000101001000000000100000100000000010001000000001110101100100011101111011100001111010101000001010011100100000011010010010100000001010000100100000000000000011000101100111001001100000101100000101001000100001001011000001000010011101100000000001001000001001001001000000000111001001111010001000010100010000000000000111010000000100101000100111001110101001000101010000000000000110010010010111011011000110000100001100011100000000000001000001100001011010000100001110000001010000000000010100000010100011100100110010110100100101010010000111010000001000010000000000001100011000000000100000100101010010010000011110001100100000101000000001000000010110010000101000100111000001010010000100000000110011010101111100001011000111101000011100100101011000110111011010000001110000010100000000010101010001000010001001001101000000011010101110001100000000000111010100011010000000000000100000000000010000,"[2, 26, 4]"
29,29,,R0000002575,*c1cc(C)c(C2(c3cc(*)c(*)cc3C)OC(=O)c3ccccc32)cc1*,11010110101001001100000110000100010100000100100110011110001100100000101000001000100000000011010001000101101100000001001000000000010011000010001001010110001011011100000000100110000011100100010000110010100011100001100100001100010001000111101001000111101001011011101100001111010011000111010010110010000000000101101001010011000001100111010001000001110001001100001101100011000100000000001111000000100000001001100100110001010011010000111001001011110001010100000001100000100100011010010000000111110000011000010110101000011100000001010001010001100101000001100100000101001100000101100000100000000111010010010111101000100000000010111011000000000110001000010010000101010010000000001101111000000001100000101000100000101001000011000100100110110001010011101010001100000001101000011101111010000010011011001111001110100001100000000000100000001100100110001000111010111000111001000011001100100010011101101011000110000110001110001100100000100001101110001000111110001100000001000100010111110000100111001000111010111000000000101000001110100010010010101100001001101011110101010000001000110110000011010100100010100011010010000000000000101110001010001011010001101011001000010000100000000100001001000101101100000000100000100001000010101000000111111101100100011101111010100001111011101000001010011100100000011010010011100000001010000100100001000000001011000101100111001011000001111000001001001010101001001011000001000000001101000000100101001000001001001001000000000111111011111010001000010100010100100000000011010000000000100000110111001110101000010101010000000000000110010000010111010011000010000100101100111100000000000001000001100011011010010110001110000101010100000000010100000111000011101100101010110100100001010010000111010000001000000000000100001110011000010000100000100101010010010000011110000001000000111001000000000000010110010000101000100110000000110110000100100100110011011101111100001011000111101000011101100101011000110111011010000001110000110100000000010101110001100010001011001101010001011010101110001000000000001110011100011010000000000000100000000010010000,"[4, 28, 4]"
30,30,,R0000002605,*c1cc(C)c(C2(c3cc(C)c(*)cc3C)OC(=O)c3ccccc32)cc1C,11010110101001001100001111000100010100000100100110011110000100100000101000001000100000000011010001000101100100000001000000000000010010000010001101010110001001011100000000100110001011100100010000110010110011100010000100001100010001000111111001000111101001011011101100001111000011000101010010110010000000000100111001010001000001100111010101000001100001001100001101100011000100000000001111000000100000001001100100110001010011010000111001001011110001010100000001000000100000010010010000000111011000011000010110101000011100000011010101010001100111000000100100000101001000000101100010001000000010000010011111101000100000000010111001000000001110001000010011000101010010000001001101101010000001100000101000100000101001000011000100100100110000010011111010001100000001101000011101111011000010011011001111001110100001100000000000100000010100100110001000111010011000111001000111001100100010011101101101001110000110001010001100100101100001101110001000111110001100000001000100000111110010100111111000110010111000000000001000001111000010010010100100001001101011100101010100001000110010000011010100100010100011010010000000100000101110101011001001000001101001001000010000100000000100101000000101101000000000100000100001000010001000000111110101100100011101111011100001111010101000001110011100100000011010010011100000001010000100100001000000000011000101100111001011100001111100001101001000100001001011000001000010011101100000100001001000001001001001000000000111001011111010001000010100010000000000010111010000000100101000100111001110101001010101010000000000000110010010010111011011000110000100101100111100000000000001000001100001011010010110001110000001010100000000010100000110100011100100111010110100100101010010000111010000001000010000000100001110011000000000100000100101010010010000011110001101100000111001000001000000010110010000101000100111000001110110000100100100110011010101111100001011000111101000011100100101011000110111011010000001110000110100000000010101010001000010001001001101000001011010101110001100000000000111010100011010000000000000100000000000010000,"[2, 28, 4]"
31,31,,R0000002721,*c1ccc2c(c1)C(=Nc1cccc(S(=O)(=O)c3cccc(N=*)c3)c1)OC2=O,10011110101000001110010110010010010000001110101110011000011110101110101001101001001010101011010001000101101011000111100110100011001000100101001001011010100101110110011000110010000101101100001011111010000001111100011111001100010101000111111011101001001011001010101100100111101111000100011011101010100100001010011101001001100000100011110101110101100001100101000011110011100100110101110011000000010001010011000110111011011001110100111000111101110001110011010001110001101100010000110010010011001000101011010010101100011010001111110011110110111001110110001000001101001101001101011000100001011010110001111010000000100010110000101001000000100100010000111111011011000011100000011101101011110000100001001110101000100001000000111100001110100010000011000010111001001101011010011100010000100001100010000011110111101111100001000000100110111010101101110010101001100101110101000111001000100000111001110101001100101101000001100110100000000010000111111100000110001101010010001110011110100101100111001010100001010101000110000111001100001000010111101010000000001010111100010000011010111011100001011000101101000011000111101011110001111110010110011011011001111001100000010000110000001111001010010011101100001000110000101000000100011000000101100101011101000101110110110001110010011011001000011100101001100100010010001100001011100110101000000001111101100011000111111010100000101100000001101110100010000010100001001001010101010001100011100001101001001001000001000111101001111010111001000000110101001100000001011000100000100001100001000000101100101110011010101000000111110000000100010011100011010100000100111000011111100001000011101011110010011110000101110100010100010001000100001000100011100000100011110100110100010011000011011000001000000011011010000011100001010001111100011001010010110000001000001000010001100110000100000010110011111001101101100100010011010010001100100110111111110001010101010010010001001010111101001001011001111101001000011010110010101010000110010101111001000010011111001101011000000101101110000000001000010101111101000000000110001000001100110000000000,"[2, 29, 4]"
32,32,,R0000002722,*c1ccc2c(c1)C(=O)OC2=*,10000110101000000000011110100000010000001100100110001000000100100000001010001000010000000011010001000101101000000001100000001000000000000010001001110110000000010100000000001000000001000100100000110110000001100000000100001001010001000111100011000001001100011110101000000101000011000100010000100010000000000000001001000001010100100011010101000001100001000100000001100010000100000000000011000000000000000011000100010010110001110010111001011001110001000000000000100001100100010000010000000011101000000000010000101010010000010001110001010000000001000000100000010101001000000001001001000000010010010000010010001100100100000000001001100000010000100001010000000001000000000000001101101000001000000000000000100010100011000000000100000110100000000011000110001000010000011000011001010000000000000000100011000100100011100000000000000000001000100100000000101000100000110000000001001000100001011001000001110000000100001110000000111000000000000110001000000110001000000000000100000100100000100111101000100000010000000000000101001100000000010010101010000000001010110100010000001101110000010001010000100000000101000010000000001000000101000110000010110001100101000000110110110000000100001000010000101000000000100000010000000000000000000001100000000100010100101010100001010000000100110000000000101000100000010100000000000000000100000001000000001000100011000111101000000010000000000001000010100000001000000001000001000001000010100001000000001001000001000000100000101010110000001000000000000100000000001000000000000000100000000000000000001000000100000000000010000110010000000100010000000000010100000100110100000000000001000001110001010000010110100101000000110000000001100100000000000010110000011010111100100000010010001011011000001000000001100000010010000000010110100000100001011010000010101000000000000000100000000001000000011010010000101000000000000000010000000100000100111011010000010100000010100000101010011101000001011000110101000000000000110000010000000000010001100000000101001011100100111000100000101010000000000100000000011100000000000000000001100001010000000000,"[2, 12, 2]"
33,33,,R0000002724,*c1cccc(N=C2OC(=O)c3cc4c(cc32)C(=*)OC4=O)c1,10001110101000101010011110000010010000001110101110001000011000101110001011111000010011001011010001000101100001010011101010101011011000100101000101110110010001100110001000011000001101001000100011110110000001110100011111000101010001000101001011000001000110011110001100100110001011010100011000101010101000010010011101001101110110111011111101010001100010000101010011100011000100110101110011100000110011010011100110110011110000110010011011011101110000110010011001110011101001111110110000010101101000101010011011101110010010010011100010100011111011100011111000111000001001001001011011100001011011101000011011001100110010000000101001100000110110110101011111111011010111101111011101100011111001100001001010100011100011000100101100000000100010100011010110101000011101011010011101010001110001100010100011110110000011100110000000110000000000101101110010101001000001110001010111101000100001111001100001011100101111101101100110111101000010100110111100100110001001010011000100000000100111101111101011100001010001101000000111101111001000010110101010011000001110101100110101001101110000010001011010111110000111000010101010111001111000000111001000111001111101100000010110110000100110011010010011000000001000110100100000000101011100000001100100000100010111111111110001110010001001111100011100101001110100010110001000010010100100101001010100100000100111010011111010000010101101000001101110110000101010100001001111010001110000001011000011001001001001000000110111001111110010011000010000010101000100011001010000100000100001100000010000111100000100010010101010000111110011000110110000101001010101000100010100100111100001010011110001110010000001000101110110110100010001100100001000110011010000011011111100100100010011101001011000001000001011100011010000100001000111100110111001011010110010101000001100010001110010001101000010111011111010101000100100000001010010000100100100111111110001011101010010010011001010111110010001011100110101000000010010110001110010000010110101001001000111011011101100101000100001101110000101001100010100010100000000000110001000001101011010100000,"[2, 23, 4]"
34,34,,R0000002726,*c1ccc(N=C2OC(=O)c3cc4c(cc32)C(=*)OC4=O)cc1,10001110101000101010011110000010010000001110101110001000011000101110001011111000010011001011010001000101100001000011101010101011011000100101000101110110010001100110001000011000001101001000100011110110000001110100011111000101010001000101001011000001000110011110001100100110001011000100011000101010101000010010011001001101110100111011110101010001100010000101010011100011000100110101110011100000010001010011100110110011110000110010011011011101110000110010011001110011101001111000110000010101101000101010011010101110010010010011100010100011111011100011111000111000001001001001011011100001011011100000011011001100100010000000101001100000110111110101011111011011011011101101011101100011111001100001001010100011100011000100101100000010100010000011010010101000011101011010011101010001110001100010100011110110000011100100000000110000000000101101110010101001000001110001010111101000100011111001100001011110101111001101100110111101000010100110111100100110001101010010000100000000100111101111101011100001010001101000000111101111001000010110101010001000001110101100110101001101110000010001011010111100000111000010101010111001111000000111001000111001111101100000010110110000000110011010010011000000001000110100100000000111011100000001100100000100010111111111110001110010001001111100111100101001100100010110001000010010100100101001010100100000100011010011111010000010101101000001101110110000101010100001001011010001110000001011000011001001001001000000110111001111110010011000000000011001000100011001010000100000100101100000010000111100000100010010101010000111110011000100110000100001010101000100010100100111100001010011110001110010000001000101110110110100010001100100001000100011010000011011111100100100010011001001011000001000001011100011010000100001000111100110111001011010110010101000001100010001110010001101000010111011111010101000100100000001010010000100100100111111110001011101010010010111001010111110010001011100110101000000010010110001110010000010010101011001000111011011101100101000100001101110000101001100010100010100000100000110001000001101011010100000,"[2, 23, 4]"
35,35,,R0000002973,*CC(*)C1=C2C=CC=CC=CC=CC=C1OC2=O,00111000101111000001001110000000010000100000000110001000001000011010110010011010101110000001100011010001001001100101000101100101000101110010000001010011000010010000101110101001100110000010000111000000010001011000100000010000011000100000001101001000100001001001010100000001011010000111001100100001000010000111101011100010000100010001110011010000100111000011011111001100010010001010010100000110000000000101100011001000000000010100000110001100010100001100000000000111000000000010000000001100001000000010110001000000000000000000100010010000110101100001010000000001101000001010001001000101001100011111000100100110111111111000110011001000000100011100010101000001010101010000000010100001001000100101011000100011101001000100010010011100000011010100011010101111101100101000011000110000001100000001101101000000101110000000000010100100010010100001001101110001011001001001010010000010001111110011010000011100001010110101010011000000000111010110100000001000001011001101000100000010110000010010011011101110010010010010101000101100011011100100001010000010110001100000000001100010100010111001111000110010100000100010110111101100001000101001100100010000010000011000010011000011100100100110000100100001110111001010100000010110100000001100001110000101010011011101011000000000000011110001101010011100101010110001000100111111111111110101100000000100000000001001111101001011000000100111010011000010000100000100000100000010010110001110001000110000000000001011000110001101111000010010011011001001000100000001000011100001001100000000010000001001011101101011000001000010100100111001001100100010100100011001101101100100000000000000110001100001000010011000011001000000101011010101100000001110000110111010001001111010101000100100000110011100000000110001010010100000000001000010010000110000000100001011111110000010011000000011111100011100101101100000000010010001010000010110100110000001110100000101000100001100101101010001111001001100001100010000010000101001010010000100010000000110110110001001000110110000101000111011001010001011011101010000000100101001001001110011111000000110,"[2, 19, 2]"
36,36,,R0000002976,*CC(*)C1=CC=C2C=CC=CC=CC=C3C=CC3=CC=C1OC2=O,00111000101111000001100010000000010000000000000100000000001000011110000011011010101110001100100011010000000100100101000101100111000101110010000001010011000010010000101100100001000110000010000111000000010001011000100000010000011000100000001101011000100001001001010000000001010010000101001100100001000000000111101001100010000100010001110010010000100111000011011111001001010001000011010000000100000001000101100011001000000000010100000100001101000100000100000000000100100000000010000000001000001000000010110001000000000000000000100010010000110101100001010100000001101000001110010001000101001100010100000100000010100111101010010011001000000000011100000101000001010001010000000110100001001000100101001000100011101001000100011010011100000011010000010010101111101100001000001000110000001100000001101101000000101110001000010010100100110010000000001101110001011001001001011110000010001111110001010000011100000110110101010011000000000111010110100000001000001010101101000100000000110001010011011011101100010010010010101000100100011010110100001010000010100001100000000001100010100010110001101000100010100000100000110111100100000000100000101110000000010000011000010011000011100100100110000100000001110111001010100001000110000001001100001110000101010011011101011000000000000011110001001010011110101010100001000100111101011111010101100000000100000000001001111101001011100000100110010011000010000100000100000100000000010111001010001000110000000000001011000110001101111000010010011011001101000100000001000011101011000100000000010000001001001101100000100001000010101000111000001100100010100000011001101100100100000000000000110001000001001010011000010001000001001010010101000000001110000110111010001101111000101000100100000110011100000000110001010010100000000001001010010000110000000100001001111110001010011010001011100100011100101101100000000000010001010000011110000110001011110100000101000100001100101101010001100000001100001100010000010000101001010010000100010000000111010111001101000110010000111000101001011010001011011101010001000101101000011001110011111000000000,"[2, 25, 3]"
37,37,,R0000003017,*C1OC(=O)NC1(C)C,10000000000001000000000100000000010000000100010000100000011000000000000000000000000000000010000101000000000000001000000001100000000000100000000000000001010000000000011000000100000000000000000000000000000000000000010010110001000000000000000000010000000000000000000000000000000100001000000010000000010000000000100000000000000000000000010000100000101100000000000000001000000001000100001000000000000000000000000000011010000000000010000100001000000000000000000001000010000000000000000000001000000000010000000000000000000010000110110000000101000000001000001000000000001000000000000000001000001000100000100001000000000010001000000001000011010000000010000000000100000000000010000001010000000000000000000000100000100001000000010010000001000000000000010000000000101000000000001001010000000010100000100000000000001100101000000000010000000000000000001000000000000000000000000000001100001100000001010000000000100000000101000001100000000000000100000001010000001000000001000000100001010001000011000000000000000000010000000100000000001010000000001000001001110000100000000000000100000100000001000000000000001000000100100001000011000000100000000000000000000010100000000001000000100010100001000000010001100000000100000000000100010000000011000011100000010001000000000000000000001110000100010000001000000000000001000000101000000010000000000000000000000010000101000000010000000000000010000000000000001000000000000100000000000001000000110000100100001000100000000000000000100000110000000000000000000000000000000000000000000000000000000000010000000100000001000100000000000000010000000000000000000001000000000000100000000000000000000010000001000000010000001000000001000000010010100000000100000000000010000010000000000000100100000000000000000010110000000010000000000000000001000110000001010000001000101000000000000010000000000100000000000001100000000100000000001000000000000000000000000000000000000000000010000000000000001000000000100100000000000000000000000000000000111000000000000000011010000000000001000000100010000100001000001000010000000001000100000100000010000000001001,"[1, 9, 1]"
38,38,,R0000003326,*c1c(Br)cc(C2(c3cc(Br)c(*)c(Br)c3)OC(=O)c3ccccc32)cc1Br,11010110111001001110000110000100010101000001100110011111000100100000101000011000100000010011010001000111100100000001000000000000001010000010000001010110001001101100000000100010000011110000110000110010110011100000000100000100110101000111001001000111100001011011101100001110000011000101010010110010000000000010111001010001000001101111010001000001100000101100101101100011000100000000010111000000110010001101100100110001010011010000111011001010110000010111001001000000110000011010010000100111010000001000010110101001011100000001000001010011110001100010100100100101001000000101100000000000000110000010110111101000100000100010001001000000000110001001010010000101010010000000001101100000000001100000101000100000101001001011010100000100110000010011101010001100001001101000011101111010001110011011001111001110100001100000000000100000000100100110001000111010011000111001000011001100100010011001101001000110000100101010111100100000100001100110000001111110001000000001000100000111110000100111001000100110111000000001001101001110001010010010100101001011101011100101010000001011110010000011010100101010100011010010000000100001101110001010011001000001101011001000010000100001000100001000000111001001000000110000100100010010001001000001110101100100011101111111100001111010101000001010011100100000011011010010100000001010000110100001001000000011000111100111001001000000101000000001001010100011001011000001000000001101000100100001001001001001101111000001000111011001111010011000110100010000000100000011110000000000101000100111011110101000001111010000000000000110010000010111010011000010000110001100011110000000000001000001100001011010000100001110000001010001000000010100000010000011100100110010110100100001010010000111110001001001001000000000001010011000010000100000100101010010110010011110000000000000101000010001100000010111010010101000100110100000010010000100000000110011010101111110001111000111101010011100100111011000110111011011000001110000011110000000010101110001000010011001001101000000111010101110111001000000000110011100011010000000010000100000000100010000,"[2, 28, 4]"
